1_bromo_2_chloroethane,-1.95,276.91,113.753,128.701,1.79,-1.77,0.02
1_bromo_2_methylpropane,-0.03,259.566,100.972,117.635,2.19,-0.95,1.24
1_bromobutane,-0.4,333.991,156.694,165.221,2.65,-0.97,1.68
1_bromoheptane,0.34,258.479,101.306,117.369,2.63,-0.97,1.66
1_bromohexane,0.18,318.573,141.21,154.482,2.75,-0.97,1.78
1_bromooctane,0.52,276.123,111.928,127.856,2.89,-0.97,1.92
1_bromopentane,-0.1,279.188,118.426,130.85,2.44,-0.96,1.48
1_bromopropane,-0.56,256.406,97.031,115.112,2.27,-0.98,1.29
1_chloro_222_trifluoroethane,0.06,370.845,161.619,182.854,2.43,-2.27,0.16
1_chlorobutane,-0.16,239.215,84.33,104.162,2.21,-1.22,0.99
1_chloroheptane,0.29,229.294,75.813,97.554,2.74,-1.21,1.53
1_chlorohexane,0,367.308,158.767,180.57,2.46,-1.23,1.23
1_chloropentane,-0.07,213.302,67.247,88.082,2.4,-1.22,1.18
1_chloropropane,-0.33,336.145,153.454,167.754,2.17,-1.25,0.92
1_ethylnaphthalene,-2.4,339.066,153.469,168.795,1.61,-4.61,-3
1_iodobutane,-0.25,317.528,139.306,155.271,2.41,-1.83,0.58
1_iodoheptane,0.27,339.295,159.369,170.821,2.99,-1.8,1.19
1_iodohexane,0.08,339.328,153.518,168.933,2.47,-1.81,0.66
1_iodopentane,-0.14,320.495,139.339,156.35,2.48,-1.82,0.66
1_iodopropane,-0.53,348.176,161.09,174.711,1.87,-1.87,0
1_methyl_imidazole,-8.41,377.017,157.368,184.967,0.73,-7.06,-6.33
1_methyl_pyrrole,-2.89,249.933,89.047,110.136,1.31,-3.9,-2.59
1_methylcyclohexene,0.67,298.853,125.121,142.763,1.99,-0.66,1.33
1_methylnaphthalene,-2.44,236.485,82.132,102.304,1.28,-4.52,-3.24
1_naphthol,-7.67,265.653,105.347,121.541,0.8,-8.31,-7.51
1_naphthylamine,-7.28,373.794,154.723,181.842,0.87,-8.63,-7.76
1_nitrobutane,-3.09,293.196,109.144,133.965,0.92,-2.43,-1.51
1_nitropentane,-2.82,211.193,65.149,86.536,1.11,-2.4,-1.29
1_nitropropane,-3.34,323.146,139.314,157.265,1.06,-2.44,-1.38
11_diacetoxyethane,-4.97,356.099,162.04,178.341,1.62,-9.52,-7.9
11_dichloroethane,-0.84,301.567,125.145,143.733,1.81,-1.64,0.17
11_dichloroethene,0.25,266.145,104.366,121.357,2.09,-0.85,1.24
11_diethoxyethane,-3.28,384.914,188.105,199.482,2.39,-4.57,-2.18
11_difluoroethane,-0.11,301.584,125.133,143.736,2.6,-2.41,0.19
111_trichloroethane,-0.19,297.771,125.665,141.261,1.88,-1.13,0.75
111_trifluoro_222_trimethoxyethane,-0.8,320.414,145.628,156.57,2.31,-4.57,-2.26
111_trifluoropropan_2_ol,-4.16,378.161,186.312,196.251,2.49,-6.05,-3.56
111_trimethoxyethane,-4.42,253.03,96.15,113.285,1.66,-5.55,-3.89
1112_tetrachloroethane,-1.28,244.325,85.522,106.704,1.54,-1.43,0.11
112_trichloro_122_trifluoroethane,1.77,276.281,116.213,129.133,1.85,-0.32,1.53
112_trichloroethane,-1.99,289.875,117.176,135.622,1.51,-2.01,-0.5
1122_tetrachloroethane,-2.47,388.135,182.956,197.119,1.47,-1.88,-0.41
12_diacetoxyethane,-6.34,355.55,161.039,176.711,1.61,-9.93,-8.32
12_dibromoethane,-2.33,420.713,204.815,217.602,1.79,-1.6,0.19
12_dichlorobenzene,-1.36,323.153,139.298,156.365,1.32,-1.96,-0.64
12_dichloroethane,-1.79,257.357,95.324,115.241,1.63,-2.15,-0.52
12_dichloropropane,-1.27,241.315,87.257,105.881,1.93,-2.13,-0.2
12_diethoxyethane,-3.54,284.338,113.57,132.227,2.39,-5.47,-3.08
12_dimethoxyethane,-4.84,382.626,179.367,193.747,1.93,-5.29,-3.36
12_ethanediol,-9.3,346.028,157.194,171.387,1.09,-8.71,-7.62
123_trichlorobenzene,-1.24,314.347,135.544,151.435,1.29,-1.67,-0.38
123_trimethylbenzene,-1.21,248.581,91.696,110.312,2.14,-2.79,-0.65
1234_tetrachlorobenzene,-1.34,380.458,189.485,197.439,0.93,-1.25,-0.32
1235_tetrachlorobenzene,-1.62,298.809,123.332,141.247,0.9,-0.92,-0.02
124_trichlorobenzene,-1.12,397.16,189.139,202.787,1.17,-1.35,-0.18
124_trimethylbenzene,-0.86,364.533,167.205,182.338,2.39,-2.75,-0.36
1245_tetrachlorobenzene,-1.34,332.149,145.44,162.024,1.22,-0.97,0.25
13_dichlorobenzene,-0.98,266.308,101.471,120.853,1.61,-1.6,0.01
13_dichloropropane,-1.89,252.912,91.762,112.43,1.8,-2.18,-0.38
13_dimethylnaphthalene,-2.47,263.801,97.799,118.847,1.71,-4.5,-2.79
135_trichlorobenzene,-0.78,312.121,140.43,152.161,1.41,-0.96,0.45
135_trimethylbenzene,-0.9,352.317,166.382,178.95,2.77,-2.73,0.04
14_dichlorobenzene,-1.01,333.263,152.046,166.393,1.53,-1.63,-0.1
14_dichlorobutane,-2.32,335.935,154.406,168.268,2.11,-2.38,-0.27
14_dimethyl_piperazine,-7.58,300.987,123.84,142.43,0.8,-8.2,-7.4
14_dimethylnaphthalene,-2.82,333.209,145.656,162.654,1.21,-4.5,-3.29
14_dioxane,-5.06,268.515,101.937,122.047,0.36,-4.71,-4.35
2_bromo_2_methylpropane,0.84,229.211,78.856,98.301,2.14,-1.25,0.89
2_bromopropane,-0.48,349.4,182.873,178.657,2.13,-1.16,0.97
2_butoxyethanol,-6.25,384.203,207.418,200.443,1.87,-5.94,-4.07
2_chloro_111_trimethoxyethane,-4.59,303.649,143.223,148.168,2.1,-5.4,-3.3
2_chloro_2_methylpropane,1.09,336.443,165.603,168.769,2.26,-1.44,0.82
2_chloroaniline,-4.91,280.246,122.873,132.85,1.08,-6.04,-4.96
2_chlorobutane,0,351.696,185.919,180.59,2.56,-1.35,1.21
2_chlorophenol,-4.55,291.212,122.237,138.499,1.28,-4.51,-3.23
2_chloropropane,-0.25,305.106,143.522,149.093,2.22,-1.4,0.82
2_chloropyridine,-4.39,383.261,188.762,199.024,1.49,-4.85,-3.36
2_chlorotoluene,-1.14,331.943,164.417,166.385,1.67,-2.18,-0.51
2_ethoxyethanol,-6.69,322.581,143.519,158.635,1.64,-6.41,-4.77
2_ethylpyrazine,-5.45,309.349,131.913,149.091,1.26,-6.94,-5.68
2_ethylpyridine,-4.33,343.719,169.114,172.848,1.75,-4.96,-3.21
2_ethyltoluene,-1.04,327.76,161.253,163.613,2.19,-2.85,-0.66
2_fluorophenol,-5.29,329.954,146.066,162.428,1.65,-4.89,-3.24
2_iodophenol,-6.2,316.503,134.152,152.666,1.02,-3.93,-2.91
2_iodopropane,-0.46,329.956,145.695,162.323,2.26,-1.97,0.29
2_isobutylpyrazine,-5.04,317.418,134.614,153.049,1.71,-6.81,-5.1
2_methoxy_111_trimethoxyethane,-5.73,313.135,138.676,150.849,1.64,-7.61,-5.97
2_methoxyaniline,-6.12,328.955,147.737,162.67,1.16,-7.69,-6.53
2_methoxyethanamine,-6.55,391.719,189.964,202.771,1.42,-7.04,-5.62
2_methoxyethanol,-6.76,327.251,145.52,161.238,1.55,-6.92,-5.37
2_methoxyphenol,-5.57,319.709,134.678,153.995,1.26,-6,-4.74
2_methyl_but_2_ene,1.31,279.174,119.874,131.404,2.94,-0.56,2.38
2_methylbut_2_ene,1.31,254.608,96.636,114.395,2.83,-0.55,2.28
2_methylbuta_13_diene,0.68,358.689,153.889,175.594,2.93,-1.12,1.81
2_methylbutan_1_ol,-4.42,329.994,156.131,163.459,2.1,-4.88,-2.78
2_methylbutan_2_ol,-4.43,274.434,116.008,128.306,2.21,-5.17,-2.96
2_methylbutane,2.38,290.465,119.227,137.351,2.51,0.01,2.52
2_methylhexane,2.93,279.072,114.588,130.13,2.99,0.01,3
2_methylpent_1_ene,1.47,287.566,116.78,135.329,3.15,-0.4,2.75
2_methylpentan_2_ol,-3.92,249.597,92.978,111.192,2.34,-5.13,-2.79
2_methylpentan_3_ol,-3.88,271.707,104.865,124.59,2.56,-4.75,-2.19
2_methylpentane,2.51,307.339,132.49,148.709,2.77,0.01,2.78
2_methylpropan_1_ol,-4.5,292.494,109.924,134.173,2.06,-5.02,-2.96
2_methylpropan_2_ol,-4.47,305.859,129.007,146.123,2.22,-5.31,-3.09
2_methylpropane,2.32,315.525,135.221,152.194,2.73,0.01,2.74
2_methylpropene,1.16,340.861,160.803,171.585,2.79,-0.45,2.34
2_methylpyrazine,-5.51,275.832,108.722,127.863,0.89,-6.99,-6.1
2_methylpyridine,-4.63,301.299,126.567,144.112,1.54,-4.95,-3.41
2_methyltetrahydrofuran,-3.3,263.006,103.107,119.813,1.44,-3.39,-1.95
2_methylthiophene,-1.38,348.52,172.023,175.832,1.68,-1.9,-0.22
2_naphthol,-8.11,365.709,170.177,182.328,0.82,-8.7,-7.88
2_naphthylamine,-7.47,314.217,134.423,151.888,0.96,-8.83,-7.87
2_nitroaniline,-7.37,256.603,89.651,112.935,-0.12,-7.84,-7.96
2_nitrophenol,-4.58,251.521,87.142,110.243,0.06,-5.4,-5.34
2_nitropropane,-3.13,311.73,132.007,150.073,0.93,-2.54,-1.61
2_nitrotoluene,-3.58,281.581,110.327,130.851,0.65,-3.79,-3.14
2_phenylethanol,-6.79,281.581,110.327,130.851,1.72,-7.05,-5.33
2_propoxyethanol,-6.4,265.22,101.199,120.899,1.93,-6.14,-4.21
22_dimethylbutane,2.51,291.255,126.361,138.483,2.52,0.01,2.53
22_dimethylpentane,2.88,291.066,128.929,138.931,2.89,0.01,2.9
22_dimethylpropane,2.51,281.312,121.299,132.674,2.59,0.01,2.6
222_trifluoroethanol,-4.31,346.182,164.81,173.257,2.1,-6.05,-3.95
224_trimethylpentane,2.89,310.494,134.1,149.659,2.91,0.02,2.93
225_trimethylhexane,2.93,323.413,150.684,159.211,2.86,0,2.86
23_dimethylbuta_13_diene,0.4,322.177,149.389,158.524,2.8,-1.11,1.69
23_dimethylbutane,2.34,317.786,143.928,155.093,2.68,0.01,2.69
23_dimethylnaphthalene,-2.78,264.042,105.23,121.036,1.84,-4.43,-2.59
23_dimethylpentane,2.52,264.779,107.459,121.888,2.66,0,2.66
23_dimethylphenol,-6.16,258.324,101.284,117.505,1.82,-6.49,-4.67
23_dimethylpyridine,-4.82,249.174,90.253,110.985,1.52,-4.79,-3.27
234_trimethylpentane,2.56,273.893,106.077,125.864,2.85,0.01,2.86
24_dimethylpentan_3_one,-2.74,283.654,112.329,132.006,2.66,-5.13,-2.47
24_dimethylpentane,2.83,276.883,113.82,128.775,2.89,0,2.89
24_dimethylphenol,-6.01,274.043,105.995,125.739,1.93,-6.48,-4.55
24_dimethylpyridine,-4.86,335.447,152.289,167.306,1.76,-4.94,-3.18
25_dimethylphenol,-5.91,338.799,154.774,169.5,1.58,-5.97,-4.39
25_dimethylpyridine,-4.72,300.796,127.426,144.783,1.93,-4.76,-2.83
25_dimethyltetrahydrofuran,-2.92,298.415,125.201,143.064,1.63,-3.52,-1.89
26_dimethylaniline,-5.21,263.625,102.56,119.756,1.64,-6.51,-4.87
26_dimethylnaphthalene,-2.63,315.925,139.418,154.755,1.77,-4.42,-2.65
26_dimethylphenol,-5.26,329.286,145.296,161.353,1.69,-5.78,-4.09
26_dimethylpyridine,-4.59,326.14,131.979,155.153,1.79,-5.15,-3.36
3_acetylpyridine,-8.26,350.975,161.385,173.724,0.94,-8.04,-7.1
3_chloroaniline,-5.82,306.564,143.438,149.831,1.04,-6.41,-5.37
3_chlorophenol,-6.62,326.547,164.615,163.574,1.1,-6.38,-5.28
3_chloroprop_1_ene,-0.57,322.941,144.961,159.542,2.36,-1.48,0.88
3_chloropyridine,-4.01,304.851,133.063,147.954,1.28,-3.78,-2.5
3_cyanophenol,-9.65,332.564,146.166,163.442,1.12,-8.16,-7.04
3_cyanopyridine,-6.75,314.707,134.124,151.981,1.13,-5.79,-4.66
3_ethylphenol,-6.25,309.537,132.408,149.371,1.89,-6.91,-5.02
3_ethylpyridine,-4.59,292.343,119.302,138.047,1.63,-4.59,-2.96
3_formylpyridine,-7.1,288.968,116.811,135.838,0.58,-8.22,-7.64
3_hydroxybenzaldehyde,-9.5,239.478,80.773,103.302,0.94,-10.18,-9.24
3_methoxyaniline,-7.29,269.883,104.52,123.805,0.99,-8.44,-7.45
3_methoxyphenol,-7.66,301.943,122.14,142.641,1.07,-8.1,-7.03
3_methyl_1h_indole,-5.88,282.923,109.882,130.639,0.98,-7.53,-6.55
3_methyl_but_1_ene,1.83,330.637,147.249,162.542,3.13,-0.33,2.8
3_methylbut_1_ene,1.82,312.118,135.162,150.832,3.01,-0.34,2.67
3_methylbutan_1_ol,-4.42,278.491,110.591,129.659,2.23,-5.15,-2.92
3_methylbutan_2_one,-3.24,297.156,122.724,141.467,2.41,-5.34,-2.93
3_methylbutanoic_acid,-6.09,312.767,131.228,150.151,1.48,-6.99,-5.51
3_methylheptane,2.97,309.409,128.746,147.966,3.28,0.01,3.29
3_methylhexane,2.71,332.073,148.282,164.002,2.76,0,2.76
3_methylpentane,2.51,281.431,113.381,130.538,2.72,0,2.72
3_methylpyridine,-4.77,281.431,113.381,130.538,1.37,-4.56,-3.19
3_nitroaniline,-8.84,289.453,125.663,137.553,-0.24,-8,-8.24
3_nitrophenol,-9.62,290.126,122.699,137.419,-0.21,-7.45,-7.66
3_nitrotoluene,-3.45,294.6,128.292,140.469,0.35,-3.51,-3.16
3_phenylpropanol,-6.92,377.982,186.993,193.341,1.88,-7.38,-5.5
33_dimethylbutan_2_one,-3.11,340.513,165.667,170.343,2.27,-5.18,-2.91
33_dimethylpentane,2.56,313.344,144.226,152.843,2.52,0.01,2.53
333_trimethoxypropionitrile,-6.4,281.265,112.24,131.043,1.95,-6.88,-4.93
34_dimethylphenol,-6.5,304.941,128.29,146.603,1.53,-6.86,-5.33
34_dimethylpyridine,-5.22,301.597,125.822,144.413,1.41,-4.59,-3.18
35_dimethylphenol,-6.27,325.3,141.748,159.317,1.89,-7.01,-5.12
35_dimethylpyridine,-4.84,361.332,167.241,181.539,1.53,-4.47,-2.94
4_acetylpyridine,-7.62,308.555,132.119,148.869,0.75,-8.38,-7.63
4_bromophenol,-7.13,294.659,120.427,139.349,1.12,-6.59,-5.47
4_bromotoluene,-1.39,318.27,136.364,154.282,2.24,-2.2,0.04
4_chloro_3_methylphenol,-6.79,316.388,138.381,154.4,1.48,-6.38,-4.9
4_chloroaniline,-5.9,292.377,119.318,138.075,1.19,-6.47,-5.28
4_chlorophenol,-7.03,289.016,116.827,135.862,1.17,-6.53,-5.36
4_cyanophenol,-10.17,301.955,122.138,142.642,1.11,-8.72,-7.61
4_cyanopyridine,-6.02,282.604,109.855,130.523,1.02,-5.99,-4.97
4_ethylphenol,-6.13,330.65,147.252,162.554,1.99,-7.07,-5.08
4_ethylpyridine,-4.73,311.412,135.03,150.479,1.85,-4.72,-2.87
4_ethyltoluene,-0.95,354.284,163.211,177.5,2.73,-2.78,-0.05
4_fluorophenol,-6.19,276.711,108.839,128.205,1.52,-6.51,-4.99
4_formylpyridine,-7,277.901,110.462,129.379,0.82,-8.13,-7.31
4_hydroxybenzaldehyde,-8.83,297.183,122.734,141.486,0.85,-10.85,-10
4_isopropyltoluene,-0.68,379.198,184.36,193.865,2.73,-2.53,0.2
4_methoxyacetophenone,-4.4,360.839,164.673,180.949,1.6,-7.89,-6.29
4_methoxyaniline,-7.48,312.794,131.343,150.209,1.17,-8.09,-6.92
4_methyl_1h_imidazole,-10.27,253.336,91.623,112.444,0.86,-8.85,-7.99
4_methylacetophenone,-4.7,351.406,160.26,175.891,1.88,-6.7,-4.82
4_methylbenzaldehyde,-4.27,320.767,138.651,156.424,1.53,-6.43,-4.9
4_methylpentan_2_ol,-3.73,317.694,147.683,155.838,2.35,-5.1,-2.75
4_methylpentan_2_one,-3.05,319.548,145.191,156.094,2.32,-5.28,-2.96
4_methylpyridine,-4.93,280.724,112.127,130.758,1.32,-4.73,-3.41
4_n_propylphenol,-5.9,363.173,169.167,182.959,1.46,-6.96,-5.5
4_nitroaniline,-10.27,304.991,128.322,146.647,-0.2,-9.03,-9.23
4_nitrophenol,-10.64,301.622,125.828,144.432,-0.18,-8.04,-8.22
4_tert_butylphenol,-5.91,370.182,187.943,190.563,1.67,-7.21,-5.54
acenaphthene,-3.15,362.704,175.949,186.334,1.38,-4.89,-3.51
acetaldehyde,-3.5,197.155,55.945,77.911,1.79,-5.18,-3.39
acetic_acid,-6.69,206.974,62.061,83.944,1.12,-7.07,-5.95
acetonitrile,-3.88,196.671,55.099,77.321,2.1,-3.77,-1.67
acetophenone,-4.58,318.739,138.429,155.235,1.6,-6.67,-5.07
alpha_methylstyrene,-1.24,333.971,150.276,165.474,2.27,-3.53,-1.26
aniline,-5.49,270.69,0,0,1.08,-7,-5.92
anisole,-2.45,300.364,105.078,124.466,1.68,-3.98,-2.3
anthracene,-3.95,394.38,122.964,142.311,0.58,-5.97,-5.39
azetidine,-5.56,222.511,195.979,206.544,1.68,-5.09,-3.41
benzaldehyde,-4.02,288.108,74.027,93.899,1.37,-6.36,-4.99
benzamide,-11,298.765,116.825,135.773,0.78,-10.97,-10.19
benzene,-0.86,258.247,124.725,142.78,2,-2.7,-0.7
benzonitrile,-4.21,292.897,96.67,116.557,1.39,-4.13,-2.74
benzotrifluoride,-0.25,313.098,116.237,136.941,2.47,-3.02,-0.55
benzyl_alcohol,-6.62,297.859,135.984,151.858,1.53,-6.94,-5.41
benzyl_bromide,-2.38,315.436,122.932,141.241,1.99,-3.13,-1.14
benzyl_chloride,-1.93,310.288,135.281,152.254,1.81,-3.37,-1.56
biphenyl,-2.66,385.763,131.605,149.001,1.58,-4.97,-3.39
bis_2_chloroethyl__ether,-4.23,319.585,181.809,196.247,1.92,-3.78,-1.86
bromobenzene,-1.46,285.569,132.36,153.521,1.83,-2.2,-0.37
bromoethane,-0.74,223.737,114.519,133.637,1.94,-1.01,0.93
bromomethane,-0.82,185.151,73.234,94.264,1.98,-0.89,1.09
bromotrifluoromethane,1.79,217.931,50.116,71.141,2.41,-0.38,2.03
but_1_ene,1.38,252.062,70.968,91.351,2.85,-0.37,2.48
but_1_yne,-0.16,244.78,91.339,111.618,2.79,-0.86,1.93
buta_13_diene,0.61,237.811,82.211,105.42,2.89,-0.96,1.93
butan_1_ol,-4.72,271.395,79.538,102.482,1.98,-5.12,-3.14
butan_2_ol,-4.62,269.418,105.209,124.273,2.08,-5.2,-3.12
butanenitrile,-3.64,266.22,106.235,123.589,2.16,-3.57,-1.41
butanoic_acid,-6.35,273.264,98.918,119.825,1.46,-6.92,-5.46
butanone,-3.71,263.43,106.206,125.219,2.08,-5.05,-2.97
butyraldehyde,-3.18,263.43,100.013,119.214,2.06,-5.07,-3.01
chlorobenzene,-1.12,279.946,100.013,119.214,1.53,-2.13,-0.6
chlorodifluoromethane,-0.5,199.686,110.926,130.161,2.28,-2.32,-0.04
chloroethane,-0.63,218.254,58.912,79.953,2.04,-1.26,0.78
chloroethylene,-0.59,204.145,69.654,90.894,2.28,-1.06,1.22
chlorofluoromethane,-0.77,188.298,60.362,82.201,2.03,-2.25,-0.22
chloromethane,-0.55,179.012,51.891,73.022,1.95,-1.14,0.81
cis_12_dimethylcyclohexane,1.58,332.666,46.612,67.531,2.03,0.02,2.05
cyanobenzene,-4.1,292.897,171.306,167.502,1.76,-4.14,-2.38
cyclohepta_135_triene,-0.99,286.877,116.237,136.941,2.12,-1.97,0.15
cycloheptanol,-5.48,316.841,118.029,135.472,0.99,-5.14,-4.15
cyclohexane,1.23,289.369,154.802,156.684,1.66,0.01,1.67
cyclohexanol,-5.46,296.432,129.515,137.681,1.02,-5.28,-4.26
cyclohexanone,-4.91,292.118,134.707,142.276,1.3,-5.14,-3.84
cyclohexene,0.37,282.327,128.441,139.095,2.09,-0.53,1.56
cyclohexylamine,-4.59,296.579,118.834,132.521,1.14,-5.08,-3.94
cyclopentane,1.2,266.214,136.769,142.7,1.52,0.01,1.53
cyclopentanol,-5.49,272.062,107.895,122.245,1.12,-5.27,-4.15
cyclopentanone,-4.7,268.791,112.718,126.185,1.14,-4.85,-3.71
cyclopentene,0.56,257.094,107.118,123.188,1.96,-0.58,1.38
cyclopropane,0.75,213.366,96.963,115.504,2.67,-0.03,2.64
decan_1_ol,-3.64,467.481,67.368,88.136,2.67,-5.16,-2.49
decan_2_one,-2.34,460.539,236.618,247.107,3.28,-5.26,-1.98
di_isopropyl_sulfide,-1.21,340.531,231.537,242.794,2.66,-2.56,0.1
di_n_butyl_ether,-0.83,418.944,160.971,169.514,3.24,-2.65,0.59
di_n_butylamine,-3.24,419.934,193.972,213.361,3.08,-4.71,-1.63
di_n_propyl_ether,-1.16,353.833,196.292,214.452,2.88,-2.67,0.21
di_n_propyl_sulfide,-1.28,365.272,150.17,172.497,2.64,-2.15,0.49
di_n_propylamine,-3.65,354.875,162.041,180.992,2.5,-4.76,-2.26
dibromomethane,-1.96,214.911,152.551,173.642,1.97,-1.1,0.87
dichloromethane,-1.31,202.647,67.21,88.752,1.83,-1.6,0.23
diethoxymethoxybenzene,-5.23,467.804,60.075,81.486,2.75,-7.19,-4.44
diethyl_disulfide,-1.64,331.47,230.167,245.021,2.44,-2.51,-0.07
diethyl_ether,-1.59,286.484,139.189,159.583,2.32,-3.02,-0.7
diethyl_malonate,-6,412.802,106.066,130.518,1.82,-8.27,-6.45
diethyl_succinate,-5.71,446.509,179.097,205.569,1.85,-10.32,-8.47
diethyl_sulfide,-1.46,298.612,201.678,226.193,2.39,-2.18,0.21
diethylamine,-4.07,288.203,118.046,139.337,2.21,-4.93,-2.72
diiodomethane,-2.49,231.811,108.561,131.973,1.56,-2.3,-0.74
diisopropyl_ether,-0.53,332.979,79.076,99.405,2.9,-3.01,-0.11
diisopropylamine,-3.22,332.484,153.933,164.752,2.63,-4.6,-1.97
dimethoxymethane,-2.93,247.117,152.258,163.325,1.64,-4.33,-2.69
dimethyl_disulfide,-1.83,254.52,88.606,109.015,2.2,-0.72,1.48
dimethyl_ether,-1.91,205.551,93.315,113.591,1.85,-2.7,-0.85
dimethyl_sulfate,-5.1,284.998,60.284,82.634,0.28,-8.13,-7.85
dimethyl_sulfide,-1.61,222.004,107.33,130.228,1.96,-1.7,0.26
dimethyl_sulfone,-10.08,244.469,71.941,93.192,0.85,-11.21,-10.36
dimethyl_sulfoxide,-8.71,233.396,86.91,107.624,1.36,-9.68,-8.32
dimethylamine,-4.29,208.333,79.401,100.424,1.61,-4.72,-3.11
E_12_dichloroethene,-0.78,228.529,62.531,84.528,2.07,-0.87,1.2
E_but_2_enal,-4.22,254.526,73.937,96.482,2.16,-5.82,-3.66
E_hept_2_ene,1.68,357.173,88.747,112.19,3.26,-0.43,2.83
E_hex_2_enal,-3.68,321.717,156.272,175.773,2.26,-5.48,-3.22
E_oct_2_enal,-3.43,387.385,132.998,153.835,2.9,-5.37,-2.47
ethanamide,-9.71,210.575,176.977,194.904,1.32,-9.94,-8.62
ethane,1.83,198.684,64.397,86.156,2.58,0,2.58
ethanethiol,-1.14,220.848,57.391,78.944,2.09,-2.49,-0.4
ethanol,-5,205.146,71.548,92.554,1.75,-5.2,-3.45
ethene,1.28,180.241,61.25,82.836,2.66,-0.3,2.36
ethyl_acetate,-2.94,289.174,46.938,68.17,1.91,-5.14,-3.23
ethyl_benzoate,-3.64,374.334,107.341,131.844,1.65,-6.33,-4.68
ethyl_butanoate,-2.49,355.11,168.93,188.267,2.35,-5.39,-3.04
ethyl_formate,-2.56,247.968,151.402,172.981,1.53,-4.52,-2.99
ethyl_hexanoate,-2.23,420.628,84.762,107.806,2.63,-5.43,-2.8
ethyl_pentanoate,-2.49,387.636,195.239,213.975,2.38,-5.47,-3.09
ethyl_phenyl_ether,-2.22,341.99,173.252,193.364,2.11,-4.12,-2.01
ethyl_propanoate,-2.68,322.492,147.062,167.012,2.12,-5.51,-3.39
ethylamine,-4.5,208.924,129.503,152.517,1.86,-5,-3.14
ethylbenzene,-0.79,321.578,63.832,85.222,2.17,-2.76,-0.59
fluorene,-3.35,383.08,141.362,156.858,1.02,-5.31,-4.29
fluorobenzene,-0.8,267.622,187.786,198.679,2.03,-2.1,-0.07
fluoromethane,-0.22,163.953,102.919,122.496,2.4,-1.61,0.79
formaldehyde,-2.75,154.387,38.551,58.854,1.65,-4.87,-3.22
halothane,-0.11,265.248,33.975,53.553,2.29,-1.59,0.7
hept_1_ene,1.66,351.527,105.404,121.331,3.3,-0.33,2.97
hept_1_yne,0.6,342.402,156.674,173.611,3.08,-0.8,2.28
heptan_1_ol,-4.21,369.714,147.856,166.684,2.37,-5.09,-2.72
heptan_2_one,-3.04,363.544,170.969,185.826,2.5,-5.3,-2.8
heptan_4_one,-2.92,363.638,166.106,181.765,2.51,-5.19,-2.68
heptanal,-2.67,360.626,166.194,181.845,2.43,-5.06,-2.63
hex_1_ene,1.58,318.441,165.411,180.136,2.92,-0.33,2.59
hex_1_yne,0.29,309.863,134.623,152.944,2.91,-0.81,2.1
hexa_15_diene,1.01,302.821,126,146.262,3.09,-0.65,2.44
hexafluoropropene,-3.76,268.204,126.101,143.032,3.46,-1.17,2.29
hexan_1_ol,-4.4,337.239,104.782,122.902,2.05,-5.08,-3.03
hexan_2_one,-3.28,330.491,149.192,165.397,2.51,-5.28,-2.77
hexan_3_ol,-4.06,329.927,144.149,161.257,2.33,-4.96,-2.63
hexanal,-2.81,329.01,149.196,161.954,2.13,-5.09,-2.96
hexanoic_acid,-6.21,339.767,143.903,160.253,1.85,-6.93,-5.08
hydrazine,-9.3,146.524,150.361,166.735,1.26,-8.36,-7.1
hydrogen_sulfide,-0.7,131.985,31.341,49.743,1.88,-3.05,-1.17
imidazole,-9.63,214.384,25.744,42.249,0.64,-8.49,-7.85
indane,-1.46,327.494,68.98,89.168,1.27,-2.97,-1.7
iodobenzene,-1.74,294.075,148.229,161.446,1.77,-2.11,-0.34
iodoethane,-0.74,232.852,120.609,139.05,1.83,-1.93,-0.1
iodomethane,-0.89,195.091,79.41,99.949,1.93,-1.9,0.03
isoamyl_acetate,-2.21,373.424,55.978,77.023,2.39,-5.44,-3.05
isoamyl_formate,-2.13,332.195,171.717,186.516,1.78,-5.17,-3.39
isobutyl_acetate,-2.36,345.575,149.155,162.47,2.43,-5.23,-2.8
isobutyl_formate,-2.22,306.887,152.108,170.181,1.79,-5,-3.21
isobutyl_isobutanoate,-1.69,404.415,128.75,146.032,2.74,-5.29,-2.55
isobutylbenzene,0.16,362.185,197.441,209.033,2.66,-2.66,0
isobutyraldehyde,-2.86,258.896,183.949,185.456,2.05,-4.98,-2.93
isoflurane,0.1,304.821,100.18,117.304,2.83,-4.21,-1.38
isopropyl_acetate,-2.64,309.52,128.849,145.21,2.23,-5.15,-2.92
isopropyl_formate,-2.02,272.693,130.877,147.957,1.73,-4.37,-2.64
isopropylbenzene,-0.3,345.014,107.078,125.126,2.55,-2.86,-0.31
m_bis_trifluoromethyl__benzene,1.07,347.421,162.151,172.746,2.61,-4.19,-1.58
m_cresol,-5.49,299.884,170.666,177.549,1.66,-6.94,-5.28
m_xylene,-0.83,323.451,124.398,142.842,2.54,-2.71,-0.17
methane,1.99,158.381,140.296,157.77,2.54,0,2.54
methanesulfonyl_chloride,-4.87,239.715,35.634,55.681,0.52,-6.85,-6.33
methanethiol,-1.24,181.997,82.966,104.398,1.99,-2.25,-0.26
methanol,-5.1,164.251,48.462,69.352,1.67,-5.15,-3.48
methoxyflurane,-1.12,295.683,38.444,58.918,1.78,-2.49,-0.71
methyl_acetate,-3.13,248.167,123.501,139.534,1.71,-5.44,-3.73
methyl_benzoate,-3.92,336.913,84.322,107.807,1.24,-6.3,-5.06
methyl_butanoate,-2.83,313.822,144.603,164.614,2.04,-5.36,-3.32
methyl_chloroacetate,-4,267.147,127.667,148.671,1.24,-5.16,-3.92
methyl_cyanoacetate,-6.72,282.544,95.852,119.406,1.38,-6.89,-5.51
methyl_cyclohexanecarboxylate,-3.3,357.218,104.186,128.21,1.22,-5.51,-4.29
methyl_cyclohexyl_ketone,-3.9,346.219,178.044,180.198,1.48,-5.38,-3.9
methyl_cyclopropanecarboxylate,-4.1,296.629,172.036,174.529,1.81,-6.3,-4.49
methyl_cyclopropyl_ketone,-4.61,280.62,117.077,137.957,2.08,-5.82,-3.74
methyl_ethyl_ether,-2.1,246.083,109.865,129.288,2.02,-2.84,-0.82
methyl_ethyl_sulfide,-1.5,260.257,83.289,106.546,2.27,-1.93,0.34
methyl_formate,-2.78,207.018,95.034,116.23,1.31,-4.48,-3.17
methyl_hexanoate,-2.49,379.624,61.922,83.838,2.34,-5.36,-3.02
methyl_isopropyl_ether,-2.01,268.887,172.233,189.972,2.14,-2.89,-0.75
methyl_methanesulfonate,-4.87,265.642,105.404,123.059,0.52,-8.81,-8.29
methyl_octanoate,-2.04,444.695,96.937,119.283,2.37,-5.31,-2.94
methyl_p_methoxybenzoate,-5.33,379.012,216.112,230.823,1.13,-7.45,-6.32
methyl_p_nitrobenzoate,-6.88,371.22,171.045,190.381,-0.12,-6.27,-6.39
methyl_pentanoate,-2.56,346.764,168.045,186.868,1.92,-5.43,-3.51
methyl_propanoate,-2.93,281.524,150.458,169.458,1.64,-5.47,-3.83
methyl_propyl_ether,-1.66,279.211,106.599,128.547,2.35,-2.76,-0.41
methyl_t_butyl_ether,-2.21,289.432,105.328,127.516,2.35,-2.95,-0.6
methyl_tert_butyl_ether,-2.21,289.432,126.771,137.656,2.22,-2.9,-0.68
methyl_trifluoroacetate,-1.1,273.39,126.771,137.656,2.01,-3.4,-1.39
methyl_trimethylacetate,-2.4,328.937,101.868,123.864,2.29,-5.28,-2.99
methylamine,-4.55,168.409,149.823,161.162,1.69,-5.13,-3.44
methylcyclohexane,1.7,315.63,40.877,61.417,1.81,0.01,1.82
methylcyclopentane,1.59,293.955,150.808,155.095,2.12,0,2.12
morpholine,-7.17,255.477,129.931,140.635,0.34,-6.62,-6.28
N_acetylpyrrolidine,-9.8,315.265,98.556,115.034,0.89,-8.86,-7.97
n_butane,2.07,264.205,139.541,153.364,2.53,0.01,2.54
n_butanethiol,-0.99,283.678,101.232,119.98,2.27,-2.39,-0.12
n_butyl_acetate,-2.64,355.395,115.515,132.35,2.28,-5.45,-3.17
n_butylacetamide,-9.31,341.793,151.265,173.26,1.62,-9.76,-8.14
n_butylamine,-4.24,274.799,152.349,168.258,2.29,-5.11,-2.82
n_butylbenzene,-0.4,386.185,107.721,126.473,2.46,-2.76,-0.3
n_decane,3.16,460.774,184.901,197.395,3.42,0.01,3.43
n_heptane,2.67,362.561,232.775,243.035,3.19,0.01,3.2
n_heptylamine,-3.79,373.095,167.071,181.537,2.17,-4.89,-2.72
n_hexane,2.48,329.228,173.481,188.03,3.04,0.01,3.05
n_hexyl_acetate,-2.26,421.233,144.951,160.748,2.52,-5.49,-2.97
n_hexylamine,-3.95,340.567,195.225,214.367,2.34,-4.88,-2.54
n_hexylbenzene,-0.04,451.218,151.624,167.575,2.95,-2.71,0.24
N_methyl_N__222_trifluoroethyl__aniline,-1.92,374.408,228.592,238.138,2.55,-6.24,-3.69
N_methylacetamide,-10,251.548,187.054,193.088,1.54,-9.93,-8.39
N_methylaniline,-4.69,305.683,86.607,109.893,1.36,-7.1,-5.74
N_methylmorpholine,-6.32,286.524,125.923,145.509,0.59,-6.46,-5.87
N_methylpiperazine,-7.77,289.214,120.987,134.907,0.1,-8.4,-8.3
N_methylpiperidine,-3.88,297.754,123.535,136.659,0.97,-4.18,-3.21
n_nonane,3.13,427.593,136.876,143.471,3.31,0.01,3.32
n_octane,2.88,395.034,210.731,222.31,3.12,0.01,3.13
n_octylamine,-3.65,406.385,188.842,201.905,2.74,-5.12,-2.38
n_pentane,2.32,296.72,195.577,208.716,2.66,0.01,2.67
n_pentyl_acetate,-2.51,387.957,123.1,140.377,2.57,-5.4,-2.83
n_pentyl_propanoate,-2.11,421.252,173.12,193.651,2.6,-5.96,-3.36
n_pentylamine,-4.09,307.291,195.28,214.331,2.13,-5.12,-2.99
n_pentylbenzene,-0.23,419.552,129.529,146.816,2.8,-2.75,0.05
n_pentylcyclopentane,2.55,418.209,206.971,218.187,2.39,0,2.39
n_propanethiol,-1.06,254.233,216.717,219.066,2.1,-2.41,-0.31
n_propyl_acetate,-2.79,322.848,93.579,113.415,1.97,-5.3,-3.33
n_propyl_butyrate,-2.28,388.756,129.364,152.807,2.47,-5.35,-2.88
n_propyl_formate,-2.48,281.647,173.461,193.979,1.53,-5.03,-3.5
n_propyl_propanoate,-2.44,356.157,106.833,128.795,2.5,-5.45,-2.95
n_propylamine,-4.39,242.278,151.575,173.523,1.78,-4.83,-3.05
n_propylbenzene,-0.53,354.11,85.855,106.08,2.73,-2.72,0.01
n_propylcyclopentane,2.13,353.304,163.27,177.268,2.15,0,2.15
naphthalene,-2.4,326.423,173.033,178.38,1.17,-4.51,-3.34
nitrobenzene,-4.12,292.539,146.429,161.648,0.23,-3.63,-3.4
nitroethane,-3.71,234.729,119.926,138.717,0.74,-2.47,-1.73
nitromethane,-4.02,198.649,79.913,101.018,0.5,-2.53,-2.03
NN_dimethyl_p_methylbenzamide,-11.01,399.564,56.476,78.709,0.87,-10.16,-9.29
NN_dimethyl_p_nitrobenzamide,-9.76,402.915,198.561,210.977,1.59,-9.1,-7.51
NN_dimethylaniline,-11.95,332.201,194.141,205.926,-0.68,-9.24,-9.92
NN_dimethylbenzamide,-3.45,367.733,196.209,207.888,1.43,-6.13,-4.7
NN_dimethylformamide,-7.81,244.51,148.641,164.075,1.27,-8.13,-6.86
non_1_ene,2.06,417.513,172.393,185.298,3.24,-0.33,2.91
nonan_1_ol,-3.88,435.797,86.204,107.48,2.56,-5.1,-2.54
nonan_2_one,-2.49,428.562,200.489,214.824,2.78,-5.29,-2.51
nonan_5_one,-2.64,429.166,215.019,227.121,2.86,-5.2,-2.34
nonanal,-2.07,427.32,209.888,222.581,2.58,-5.09,-2.51
o_cresol,-5.87,297.343,210.071,222.855,1.46,-6.55,-5.09
o_toluidine,-5.53,299.814,209.646,221.765,1.44,-6.81,-5.37
o_xylene,-0.9,313.944,124.275,141.841,2.23,-2.75,-0.52
oct_1_ene,1.92,384.093,126.642,143.659,3.1,-0.33,2.77
oct_1_yne,0.71,374.899,139.073,153.94,3.29,-0.83,2.46
octan_1_ol,-4.09,402.221,178.564,194.04,2.48,-5.13,-2.65
octan_2_one,-2.88,396.036,169.671,187.055,3.01,-5.31,-2.3
octanal,-2.29,394.198,192.815,206.201,2.55,-5.12,-2.57
p_cresol,-6.13,299.99,187.922,202.17,1.59,-6.95,-5.36
p_dibromobenzene,-2.3,312.883,187.605,201.118,1.69,-1.7,-0.01
p_toluidine,-5.57,303.388,124.416,142.878,1.35,-6.91,-5.56
p_xylene,-0.8,323.599,132.352,150.722,2.04,-2.71,-0.67
pent_1_ene,1.68,285.851,126.923,145.109,2.78,-0.34,2.44
pent_1_yne,0.01,277.41,140.349,157.833,2.74,-0.81,1.93
penta_14_diene,0.93,274.471,112.671,132.523,2.88,-0.7,2.18
pentachloroethane,-1.39,294.6,104.156,125.928,1.44,-1.13,0.31
pentan_1_ol,-4.57,303.918,102.039,124.418,1.99,-5.13,-3.14
pentan_2_ol,-4.39,301.983,128.825,140.54,2.32,-5.19,-2.87
pentan_2_one,-3.52,297.994,127.062,144.67,1.96,-5.25,-3.29
pentan_3_ol,-4.35,300.72,128.114,144.024,1.94,-4.89,-2.95
pentan_3_one,-3.41,298.452,122.31,140.857,2.29,-5.23,-2.94
pentanal,-3.03,295.918,128.157,143.422,2.12,-5.08,-2.96
pentanenitrile,-3.52,298.769,122.482,140.953,2.32,-3.56,-1.24
pentanoic_acid,-6.16,306.471,121.843,139.59,1.64,-7.01,-5.37
phenanthrene,-3.88,389.444,120.793,140.255,0.85,-6,-5.15
phenol,-6.61,267.327,128.324,145.969,1.34,-7.01,-5.67
phenyl_formate,-3.82,307.087,195.315,204.531,1.43,-6.26,-4.83
phenyl_methyl_sulfide,-2.73,318.718,102.595,122.263,1.93,-3.14,-1.21
phenyl_trifluoroethyl_ether,-1.29,362.275,127.643,146.026,2.56,-5.49,-2.93
piperazine,-7.4,258.03,136.815,154.236,0.38,-8.72,-8.34
piperidine,-5.11,274.119,162.578,180.081,1.22,-4.68,-3.46
prop_2_en_1_ol,-5.03,226.017,101.039,116.821,1.95,-5.18,-3.23
propan_1_ol,-4.85,238.88,115.34,127.46,1.98,-5.1,-3.12
propan_2_ol,-4.74,238.428,72.391,95.121,2.01,-5.29,-3.28
propane,1.96,231.631,83.332,103.855,2.56,0,2.56
propanenitrile,-3.84,233.643,84.463,103.975,2.34,-3.61,-1.27
propanoic_acid,-6.46,240.34,79.383,99.609,1.23,-7.64,-6.41
propanone,-3.8,232.3,77.045,99.367,1.95,-5.31,-3.36
propene,1.32,218.68,84.249,104.654,2.81,-0.37,2.44
propionaldehyde,-3.43,230.746,78.353,99.886,1.98,-5.06,-3.08
propyne,-0.48,208.06,68.437,90.868,2.66,-0.87,1.79
pyrene,-4.52,405.144,78.078,98.69,0.41,-7.03,-6.62
pyridine,-4.69,247.869,60.161,83.422,1.3,-4.75,-3.45
pyrrole,-4.78,226.26,212.997,217.364,1.29,-5.16,-3.87
pyrrolidine,-5.48,248.655,90.29,110.086,0.98,-4.89,-3.91
quinoline,-5.72,319.167,75.071,95.929,0.83,-5.7,-4.87
sec_butylbenzene,-0.45,370.653,93.428,111.116,2.76,-2.72,0.04
styrene,-1.24,308.247,140.32,156.291,2.02,-3.34,-1.32
teflurane,0.5,253.626,184.238,189.536,2.45,-1.99,0.46
tert_butylbenzene,-0.44,361.132,129.323,147.922,2.56,-2.98,-0.42
tetrachloroethene,0.1,270.591,96.772,113.887,1.5,-0.09,1.41
tetrachloromethane,0.08,250.128,182.056,184.888,1.54,-0.13,1.41
tetrafluoromethane,3.12,198.235,103.892,123.844,2.8,-0.38,2.42
tetrahydrofuran,-3.47,246.887,92.82,111.442,1.23,-3.3,-2.07
tetrahydropyran,-3.12,271.929,58.89,79.48,1.02,-2.8,-1.78
thiophene,-1.42,237.333,91.333,109.379,1.54,-1.88,-0.34
thiophenol,-2.55,282.764,112.914,125.876,1.83,-3.26,-1.43
toluene,-0.89,290.913,83.255,103.217,1.99,-2.7,-0.71
trans_14_dimethylcyclohexane,2.11,341.827,112.933,131.982,2.04,0.01,2.05
triacetyl_glycerol,-8.84,401.096,118.516,137.198,0.52,-13.83,-13.31
tribromomethane,-2.13,245.072,172.359,172.492,1.58,-0.7,0.88
trichloroethene,-0.44,249.538,227.482,212.902,1.81,-0.82,0.99
trichloromethane,-1.08,227.017,86.647,107.39,1.55,-1.23,0.32
triethyl_phosphate,-7.54,429.47,88.769,110.084,1.88,-11.94,-10.06
triethylamine,-3.22,330.934,75.528,96.431,2.45,-4.28,-1.83
trimethoxy_methane,-4.42,296.654,203.423,222.442,1.91,-5.97,-4.06
trimethoxymethylbenzene,-4.04,399.062,150.192,161.886,1.59,-7.42,-5.83
trimethyl_phosphate,-8.7,316.467,118.323,138.705,0.74,-11.33,-10.59
trimethylamine,-3.2,239.355,207.435,207.259,1.83,-4.15,-2.32
undecan_2_one,-2.15,495.159,132.777,151.537,3.14,-5.26,-2.12
Z_12_dichloroethene,-1.17,224.929,85.405,104.549,2.03,-1.72,0.31
Z_pent_2_ene,1.31,279.85,254.016,264.163,2.97,-0.42,2.55
Li,-126.4,68.985,3.513,11.175,0,0,0
Na,-101.3,88.881,8.369,19.935,0,0,0
K,-84.1,110.742,16.167,30.92,0,0,0
Rb,-78.6,118.283,19.439,34.962,0,0,0
Cs,-73.1,130.123,25.165,41.529,0,0,0
F,-102.5,155.596,39.844,56.414,0,0,0
Cl,-72.7,173.151,51.767,67.172,0,0,0
Br,-66.4,181.401,57.862,72.346,0,0,0
I,-58.1,204.21,76.305,87,0,0,0